-24.4642944330759,-67.5074918615539
120.998690913567,198.788224885406
218.823414620879,-312.554464149796
-530.816156720519,-143.699971336794
396.483510854467,303.517455039074
-536.12003086225,-484.271210690782
-429.384649839944,-108.339785252243
405.206551734236,-560.610364751343
-415.561895818261,264.154785302657
562.892512178615,189.049752181543
-13.5421360550146,494.80137668184
688.094590232882,-373.901320104115
132.864812976292,743.572914389343
-496.297992192587,311.95861295953
591.48047380451,-223.347809773044
-523.098382584751,-581.801245896289
288.798206589165,-649.555562215393
107.754960823959,-520.912873235926
583.170242206342,387.38957061412
-735.635116530872,-105.062160628273
-360.328337910998,-731.803105048694
-89.4604075347531,761.163287737706
938.475838610589,-100.51306139089
232.279826501494,881.694797770743
-792.137091404037,-315.168376721998
-555.466822667311,640.640587765016
848.202158255211,-506.09510056485
459.901963644368,-680.611296602849
928.31453129297,81.0187839130057
862.057114490302,696.911611276393
-986.250825451878,-187.26699639811
-46.0894965008596,-953.220731891428
-879.478908933043,209.796861818172
-409.764755154573,1066.91380490199
168.072945821543,-967.268317116255
-866.294975858077,339.945174535711
-939.577377741506,-508.768960347569
-698.281843535921,812.091903989696
382.708134585443,935.635093897081
-190.835331811578,-1191.97727964182
662.379175630327,-748.463502195169
1283.9016440639,413.015911306956
723.751561156128,664.583967172483
-577.700222147517,-912.263451238428
645.7565909736,860.180442074487
931.734718367453,-472.613192881863
-448.140266496505,946.148201762393
196.03610725787,-1178.29788011979
127.914931402997,1164.60135925732
-1401.88137286973,68.5874446673589
1177.89674709084,-253.985908112824
-805.956950198857,771.146828836545
560.00704961502,1186.62857272796
682.585785757273,-1317.51577275232
-1025.27151172293,-738.841277735191
-1100.6023834244,294.48432270585
1048.56684259784,-600.97381082934
920.812838117242,-925.289426059177
-468.372882084298,-1317.02985523614
-1467.74395520039,-356.587414612923
1141.92628507867,207.480311664787
-518.306046252466,1235.70989330872
-16.8597268246102,-1291.79876552504
-1406.73381148045,53.3885600264734
-1396.45666168872,-241.071730258628
346.147722546329,1337.7572246911
1229.65977551308,588.883109827641
-1034.26437653414,-1132.98482990468
1425.36721270757,-118.880421526859
1031.66311683047,498.565979127284
656.920349717139,-1266.39240282835
-1307.81238658502,-710.403933607029
927.230111415125,955.590856021733
-1366.2487694318,332.906213304375
-56.1910478984551,1703.64290429264
-1110.65160575868,1115.68804633112
-651.358607394763,1259.98589635128
518.339277593535,1187.13629806475
-376.525637786315,-1341.10429693983
1012.78426870271,-1283.88446021657
-704.094585223825,-1333.74822780223
-1332.32053638212,829.128345050378
1391.43754685399,528.95770308004
306.313295563561,-1557.73461757952
-1333.02144944611,1189.60590422645
-199.86459074692,-1587.12873976675
-637.041730454217,1442.80317326937
834.193016827685,-1446.83977537376
-1157.40930582163,-1055.02503486938
-951.271364449538,-1234.65445955189
1530.49421830526,-774.195318096952
-1630.73672425584,-172.056205568734
-1471.96076338666,579.047930077654
652.531507994794,1591.27654745668
952.644633133227,-1341.81849839685
1545.87731400701,-183.270016898028
187.413447812085,1711.89495580097
-335.042049071744,1910.18492997483
1668.42805952174,-315.510062983109
-693.878286351941,-1731.97926923042
179.206451570935,-1936.21364900845
-1734.48439739799,776.621722955851
-1878.49556179132,-289.982769676784
1405.26581882115,1283.88288647215
1483.65197902406,-1101.20315206172
1094.17510262726,1491.24356181858
-1318.51216864967,-1475.66936214612
-1674.55553934508,-446.054811431644
1993.15077425932,264.232013473272
1718.80597484202,577.841362955817
-1104.30009108015,1095.61535283243
-21.6517758000342,1854.54114375461
1814.73878671419,-110.911473351412
-987.130839321086,-1347.17579979348
-492.197111728548,1771.81340341506
-1739.07700400062,-5.77650068288979
-379.257758214008,1632.33800708533
-357.428176021412,-1621.70267873928
-1099.83681267027,1465.69931892977
217.428289533774,1917.60104031156
1474.01270120811,-624.272565077099
611.573094182443,-1679.69631037404
-1682.28589602271,-906.92739102998
1549.85824387028,-507.089291082092
1731.75277437334,796.321191028512
1210.25948450187,-1431.6126656932
690.176117529195,1469.93108051705
466.46619805807,1780.32476560153
350.872100197253,-1933.38640104362
-2149.19928529236,216.229122747765
1745.13202286205,-694.950092235279
1170.20144053395,-1671.70807816564
1029.74719450807,1618.44920672704
-190.712581465804,-1955.62636057141
-1726.99709322007,-292.151128972083
1627.66497024914,1165.00516936292
-1357.30680374952,-1494.06058013477
-2028.53015565386,-868.87426398149
-1946.03020358611,499.466002242633
1359.06523345786,1419.2700157591
2227.73964617043,267.711941855153
-812.315885066722,-1981.05070969332
-273.047151138129,2140.89377778282
-1181.96832358235,2016.75914730242
809.180420579805,-1776.28012440446
1866.9206839176,1038.98597342252
1493.38991256824,-1212.09230587628
-1375.54385021543,1759.05377455007
-1865.47491811916,-997.920279359294
-1886.11635603369,908.59079437926
1083.5275598875,1734.14216477725
1975.36285984757,-333.672891416642
-724.019796568667,2071.65125105834
2047.56437766321,295.886484298889
1814.92966769912,-1556.36628876526
1787.39794250313,-1446.77264657424
-1283.55306502119,1821.96814345674
804.571664141934,2029.60026379348
97.5507613378767,-2264.51778029878
-1079.08505526479,-2010.19266604874
-1961.09061694352,1416.83294260698
-2196.47967253206,-417.033088794812
367.471007645942,2481.21769646577
962.169340927682,-1862.02415808181
-1588.99933276052,-1663.73054107635
-2179.57810596266,932.414205197902
-963.221345698997,2020.13588325035
-2493.10333783035,-184.758083786455
-2339.54269719568,634.83704392893
-41.139784910231,-2105.89961574866
-2257.93884646276,50.1302725754371
671.260878970107,-1936.58535612261
-1968.505400112,1448.54446941367
130.644103269421,2000.68536281262
-361.499534435562,-2452.67878707138
-1795.37520375135,-1311.44720742131
2375.33728037648,-663.748746506931
759.847489842141,2307.4362544326
-1973.84556208294,-1087.32190033432
-574.529337558031,-2220.4989192674
581.535830330578,-2478.89683773904
1108.86095189125,-1788.27930574293
2534.15756034837,-435.009508379839
-1260.46463369619,-1933.19468975211
-629.966697954059,2168.14799913677
1985.76942642161,1467.68455137614
-2201.1205585228,715.677223738466
2059.73902704397,-1109.83358697241
-2082.74195081559,-728.248880669776
-1470.91623007492,-1865.79002146413
1537.78241889458,1900.56244115554
1969.76734943918,1391.7148713967
-846.379275752635,-2137.76120813511
2244.18062051282,518.309072088111
2124.7908368551,-998.647723464775
1655.82736349543,1723.50372352468
2247.03215471556,74.9248850431241
2636.5877330432,218.201222943015
-647.556635671486,2630.30185810572
1561.30378149051,-1893.01759662689
-1754.48075520265,1710.30696575484
-219.111507382766,2419.14331313654
2556.46507899773,1062.22649554216
-2486.38952200049,-113.903063061197
-305.69118252029,-2525.02416182159
-1376.25492945987,1903.32924313077
-2548.0441975361,106.159780700864
-376.552154230083,-2608.73695331321
2583.58332395453,-795.954397867036
-2028.06387526474,-1642.70440463566
880.588082656429,2316.3950409937
-1854.36155242459,-1674.31516462552
601.879432423372,-2381.54736208468
2387.47630674935,704.844689188478
-709.518347733109,2622.40925719996
1222.14032083743,-2393.73827084911
-2402.63069107878,1396.12618130256
2202.03025764766,-1168.37981907043
1095.57938022531,2368.56582424997
-1614.75707010854,2093.11251145984
-2511.42283573662,-664.257937029748
349.597569058883,-2609.24351430378
562.288366031848,2548.20549663913
-2401.49155465868,-1087.53287270297
752.367369542493,2720.08603746332
-2690.73874626863,-425.158651360068
-2153.26833353716,-1153.78327647672
2297.68861389436,1572.60252472554
-1071.85630780746,-2393.05770037941
-508.499961573623,2513.0601990784
1976.65282794804,1783.10178620334
-2364.54636744815,966.612300815008
1792.25180625937,-2269.29562662193
-1997.68403406726,1568.347350243
-6.09814403354861,2418.81615754605
1250.48856091204,2690.47952570338
120.950445559868,2656.58061539941
2835.41251490687,294.1066418232
1463.64763322436,-2097.94865476434
-2289.2435952596,1762.19775354028
1955.29127587159,-1727.92426238893
2796.91822357088,-720.465542870289
-2671.07742828107,860.332135462586
931.316754285055,-2430.69432011989
-1378.15550670466,2673.87324496965
2539.60483560286,1058.52426376332
-1496.87180375485,-2185.97018135436
2321.80872540513,1467.58890549557
-2925.51024295455,405.278467604211
2428.73732179204,-1210.93705781357
2901.64716244909,-773.236768080562
-1672.65455375117,-2231.06456587011
-2509.05333763376,-1118.58939682502
-540.417401284932,-2943.0776960585
-939.553223796392,-2555.08673954993
1871.4384236277,2047.31154492123
-1795.43610614929,-2144.29256196779
1279.69794422696,-2515.4621020396
2815.04767076412,-215.237540540367
2631.44598620492,1020.8965050645
1337.69507362866,2434.29396212242
-1819.3634547554,1959.2944835671
-1069.89565590058,-2484.77169832131
-2427.71673673917,1237.44343589914
315.270706602212,-2747.50969540435
920.502202187262,2762.56598058633
2241.39923433087,-2076.78763297633
-2964.35969681397,-594.529009595911
1743.57860862807,-2325.89716038873
-2295.05150632105,2034.33555289426
-1248.67710351177,2720.92201540764
-2441.04669342946,-1545.34225390236
2429.2583472437,-1634.65246917313
2920.96400388691,334.769421321636
1472.61207027368,-2340.03305613845
1498.70359325245,2463.06306603834
2789.61715719848,-985.807676014456
357.235193165538,2952.91280427621
-927.392907349,2824.89919538157
-2680.03076770712,733.044071632077
-3031.75827453547,227.00072515362
-220.298816020128,-2932.77963125686
-2512.24085424463,1614.50799040489
1114.12338693641,-2795.0256239763
-530.02150819141,-2948.68699672679
-2343.33008114763,-2219.47936601202
2640.87423888406,-1255.69273589958
726.300400471557,-3062.95339903042
-1889.39035985262,-2344.63557808322
2713.07290185462,1356.2223968561
2984.61183973983,130.063489607527
277.231620037562,3036.80177467169
-3196.93974221017,-809.278329888303
2050.92532686563,2297.51669212954
-1052.37181821489,-2938.89217356476
-2824.02215131924,-1378.26166715486
2445.23810395737,1617.28751947191
3123.73753843487,1140.35117274832
2529.66759097164,-1936.81843905864
2315.00535080208,2211.84999069966
-914.588499931378,3184.91780267515
262.901313817055,-2897.78975090568
-2948.39981781282,1133.04606430442
-1978.82695638258,2281.01467352682
830.861275623519,3177.59495323672
-3127.24645905771,-454.256080540707
534.065062763246,-2953.78841077754
-2846.98405484889,1806.73972069393
-110.661015280418,3217.65573259146
1981.42054941321,-2299.05831079106
-2429.25825264911,2172.01240439882
-2648.74447249423,-1700.3003369494
2846.9865754805,375.981399286124
3049.47608865272,327.15989722812
-2917.67720549168,812.660105022734
-529.033732469994,-3211.38489941473
-2969.29925804673,-1597.18890946613
-1961.35623378277,2486.61932803071
-3113.61120407605,231.742223870219
1547.43340642997,2842.96844013918
2973.22622433976,-1079.45284063715
-687.929285955414,3238.57828993005
-998.391110133132,-3000.69689610599
-2288.10828651753,2270.76025610033
3230.97483248496,-869.792729150135
-346.088677026823,3244.9081454461
668.92041712902,3324.04350490445
-2035.91667402955,-2472.39678060313
-1544.87844646711,2760.23330784478
-1172.12502081946,3011.91652998197
1875.80325238571,-2633.31029911237
3134.06702294265,1273.20447286071
1229.34160009807,-2995.88184011731
-2402.11338374763,-2200.46841537434
182.874621318865,-3047.91949521278
-3242.40565382755,-125.460397617676
3057.62253976418,1784.27229548823
3009.22764936958,-1459.14335072964
-1861.58766737599,-2895.26980832704
-2679.52615817814,-1951.24692048302
1480.81496242738,3020.78133982736
-3279.98417118054,-774.890755592497
2279.98123211274,2783.08581851507
-1329.37670246379,3255.13615411332
710.082010919804,3262.59170098672
585.673123129252,-3054.93731552667
2116.89059710923,-2594.76317920242
1971.29705270581,2917.82754159632
3224.46443253134,783.991691118991
2902.03809524141,2315.99157435069
2593.18437630693,-2102.55673316665
299.8344081409,3337.01383247781
2516.76767409669,2497.91401345342
3188.10359988089,-339.484289139434
-3060.15639699286,1030.44027450954
3737.1229158762,132.196756614819
-3049.98688694689,-1566.1481969659
-2849.35903055436,1968.74858252436
1157.84717450741,-3258.20615546786
-1457.36352260577,-3132.41216892718
-3529.71127320023,117.795310982451
-3571.90508098011,892.149151343395
2654.57861203814,-1875.95600467933
-2809.99804693449,-2280.91399734848
-929.28450159965,-3322.08383370658
-3575.47370807203,-821.925744685632
-2099.6633859524,2658.68338740494
3196.51366856864,1384.81365752057
-1931.92365495045,2969.79317726048
1888.58208235077,-2892.99094817633
3410.53231493812,-787.972014816338
1531.22229594176,3269.16150936143
-2780.11993224112,1709.86122191452
-2039.54250441112,-2852.02018245285
3233.43068926637,1345.82562427479
2954.79196604427,-1559.98143080127
-64.5347059761278,-3488.90424879984
2316.66087399113,2752.56205761812
-1648.30962587248,-2870.92871874387
-3292.86397725278,-398.136381845073
-497.487557867171,-3780.8071232774
2648.58804831405,-2543.80044527678
3553.50174901855,-306.54308373047
833.25064167851,3261.91852391381
-1532.91041026637,3451.1242388336
-3114.63160417061,-2365.19302672069
-845.867242921486,3279.06462765707
3469.47192457434,-330.22677418011
-2661.42801376425,2296.36375933982
3777.11128009312,498.415888380972
797.756262717961,3569.5098791242
-1718.55269656901,3235.58363698858
3526.44669172029,7.20537580070197
848.312604533333,-3522.95009681354
-3640.01090510333,1499.85878016068
1585.82309383266,-3016.42553881136
2154.68329199024,3408.1417375747
-2440.53769329645,2421.49308747874
-77.0283747470587,3679.50414515809
2526.96908987262,-2449.5401905598
-1682.49783934779,-3362.20864695602
-3071.16177074466,2122.42596676781
-3498.84962277398,-1701.00939232935
3457.96892659659,-1112.7435052629
1462.47046089456,-3594.75209269337
1270.9380324585,-3482.20633664773
293.342100575493,-3913.42464119257
-3700.87062021827,304.236929127252
3490.82556071215,1155.7774419471
-3697.11983137327,-364.299485779001
2938.7518055581,-2283.97779920799
-3921.49934159309,646.961997909256
-303.07128697165,-3921.85956545072
-596.109371788659,3744.28237534977
-3511.94263539872,901.039965230045
-3476.08762253003,-2215.95882829943
-2669.13960011485,-2316.1228129737
3095.49862836701,1622.99983586811
-3619.44090359935,-1123.18892272609
-3765.91327943396,-742.087893006606
3242.64284038106,-2125.45607733245
3434.23203888902,-1818.11411659896
-990.862741640838,-3346.59586867417
-628.67213108651,-3769.80607507069
1357.86330589372,3606.61061047353
2437.27652058386,-3088.36795005196
-1351.37439772736,-3529.09249491204
-2538.29642619183,-2767.90533300853
-3551.98540095925,1981.57359853758
3602.62777538818,-1709.50638621007
-1323.97256888505,3682.67538431586
3554.04434446248,-357.202940530056
-2676.36002269395,-2971.24603245744
2030.95095433447,3111.44763420887
2747.15459975646,3059.32745354743
881.872879409597,-3660.38250883538
885.3793408576,3794.01696308156
527.052056782587,3935.67496183181
277.1432111687,4009.65756800366
3070.14350668548,2247.06252295714
3384.43503261813,2072.50333830922
2886.09792817485,2541.28174416152
3129.8770308235,-1844.96428725637
-929.423861575876,3677.2112654877
-3646.46100447104,1363.67749419216
-2613.63030266066,2950.4056217163
-901.991430966418,-3852.57673769099
-3525.70058216258,-1523.94307509542
-2577.08103715952,3263.88820263102
3111.38102832219,2722.43091995276
1447.10861918896,-3570.67550122669
-3866.00208087934,1432.18232478645
-76.0324556022541,4058.04348592253
3859.76546844434,776.68661721698
-2112.79690878543,3504.48830989068
4070.5504939941,149.982197894529
-1539.57837346392,-3559.08205791047
4180.28278681501,-1041.85106854405
2536.58033200507,-3267.99370537239
-4200.05106080791,-1291.43128084179
-2922.50946553025,2323.33708787663
-2402.43509173154,-3193.09105856957
-4145.28853044555,-125.277977528494
-793.717984600112,3872.31060785471
-2661.60331233277,3367.01475172578
1675.44303599421,-3966.48034781542
3765.70243267204,1644.55893413772
3132.55007918877,-2792.54030405181
-108.434652363577,-4190.5240509428
2103.35293110551,-3570.70567601081
-3085.04063711373,2251.06749864378
700.240438164468,-4049.56926856695
-4326.07228874076,917.647548300442
-2809.09155860568,-2608.61316037228
470.032946103564,3885.80961954396
-974.886687492047,3925.25841423256
-3987.19452764943,1851.37021904595
-3968.70924464596,-950.041524462662
2064.90100774246,3306.25423994877
-2901.90148272284,-3031.63973998852
-4123.65675646585,61.3776364232119
4041.72374763859,-106.711249625368
-3819.76809650601,-1882.75968493862
870.512261897507,-4120.91254685831
-4232.25303082,969.174028081518
4098.95010977978,1058.14446967353
-1425.94508155799,3608.38034886652
2313.39270200019,3363.21289367214
-3515.21821126833,-2287.09090574155
1260.1447064564,3869.709386395
-3812.43532892371,-2533.34097294674
-3545.7846199198,1668.85494425731
-4372.93736270249,-57.1447954943625
3326.07353095785,2596.85870590531
-3890.46964159767,-1753.14955830502
4572.33212826768,-313.19462020454
3259.60177111231,3097.11065257381
2893.06318417245,-3247.28478120198
-1956.25555339641,-3746.68699289141
80.0052100488493,4316.8666229251
3773.3928926317,-2242.19316494972
-2198.71532531885,3553.54718069417
-991.783867316468,-3901.88638703756
3950.62159343052,672.798794596451
-1960.13751794958,-3804.89153088494
4448.03792283782,312.819220066736
-1532.13712512521,3939.07365003085
3894.36198300965,2248.28370267704
1608.76708000251,4232.38645335572
-240.291866371209,-4545.78461122548
-3581.10651265095,2426.75389786878
2005.78255185413,-3832.07172936006
4151.26516457277,-1100.17490777607
3795.18501639401,-1625.34163081418
-1202.44243374888,-4366.62520793674
-2386.3870883378,-3734.0122125991
-2812.19150195631,-3109.4093919562
4081.2197627654,-1576.95758491202
2735.84947653167,-3631.1837116453
510.536430723172,-4257.03192505522
-352.883825996488,-4152.7265785322
-2562.56607421608,3322.53903840643
3682.98134315888,-2978.56617965797
2818.30499440324,2896.00738018584
1232.01446383791,-4284.37649906426
860.766180767186,4259.37300503307
3699.82836579073,2295.84514338468
-4471.70357662598,-636.75403339515
-313.298588486619,4596.30776506158
1592.48627180087,-4160.6742199591
4477.38814675424,-748.95099920233
3719.34998670057,-2374.64790666342
-3974.39535221733,2243.04166284598
1875.92152274938,4364.87859575733
-1483.61548586031,4200.9281869964
2758.69309850743,3444.48804355223
3903.04736866025,1983.48724978173
-4103.6286686045,-1366.82192718106
-4057.29053104975,1777.65544084096
-4520.02455718478,-518.443721597783
-4615.95657553928,493.739009812007
-4381.05400338371,-1191.70181341734
-2919.32762441707,3640.05658092543
-4598.43407612896,1010.7633777159
2321.25668077019,-3602.1563209002
736.114674335362,4349.92980299477
2776.42158854301,3394.88622580569
4827.89425291141,1001.10015185161
80.3536764368415,4723.13850991051
4455.74271648195,317.173373819359
4420.39949904673,1046.73328989425
3586.67339402873,2447.73279314014
-3944.77588130082,-2747.32165365034
-3344.486536003,2932.82607503159
-3481.42382289278,-3012.03146655723
-2341.91167650009,3983.18797529008
-3675.14684339245,-2783.43074155034
4221.05835138788,-1042.86937473064
4086.84904409306,-1722.42317114921
3237.86287679973,-3146.68267965952
32.935284391834,-4883.15432893782
4613.42722440952,-575.966210940986
-4377.25053461198,-1996.68029203536
291.291070621348,4615.85483669511
4521.31700351376,28.6380628826857
4134.88342390785,-2126.74674928074
875.492222739389,4396.52585127313
-2889.38367380847,3386.14737168975
-2519.72141160723,-3941.99830319961
331.084287785785,-4776.87885252179
4616.81924643795,1230.37666016267
2348.20040522654,-4123.50170119654
-1240.70881125895,4695.55331201956
-1549.22552304463,-4565.15280444366
-3738.19362314639,2502.42173702301
3984.13800984794,2516.43501256587
3802.84744616177,-3014.58025307739
1777.23034347266,4442.74431327927
1696.87252344543,-4545.73034569939
540.32045279204,-4628.80615144795
4738.04515039316,322.734254710622
-4230.81792024384,2695.23167288324
-1347.08753720762,-4398.38969714605
-2940.16493954269,-3648.2935908055
2332.48843634052,4215.14112232922
-628.561515574585,4789.32902178894
-4841.82810717832,987.899746623657
2904.29888578621,3798.39616091789
-3479.82919577259,-3316.60792462469
1423.84960254743,-4817.75387680408
-2021.76026616898,-4138.31017023711
3281.41964899391,3378.18767418606
840.443883333421,4813.06191898753
-4709.44610225961,-1059.38824633612
-4572.15952609688,1187.99552795878
4134.78955449088,-2593.97452387562
-4392.21811197356,-2158.55231457497
3211.9487210274,3655.96617791527
4155.01566350663,3145.00631593726
1590.74474873737,4468.9836807121
-4207.1799800958,-1620.98571955353
-4873.46986626246,570.74546342166
-2694.43439792423,4239.54873742115
4853.92523463449,1936.40211435422
-3614.83537357503,3180.42940817641
-680.044110992734,-4581.41460727641
-3305.65243328606,3838.24167193626
-4558.2206438056,1856.05059264966
-1572.26450803576,-4698.94502268386
2760.12739567214,-4372.08332548836
277.686749702041,4974.47503265327
-1552.35728048562,4705.37205568451
539.725553304907,-4834.0509201248
-839.259542449409,-4877.21507766666
-3729.0673666455,3649.10154120361
4739.51297589204,-1244.01427602297
-4975.85103475918,-152.34995735967
-4515.460436916,2154.01564746503
4430.77532594948,-1912.93041235573
3611.25549845615,-3958.00574607387
-1779.66115914579,-4365.62492528991
-695.536646612822,5087.36526458037
-2779.40054167415,3791.93146944063
4972.15959416355,-650.002457248713
-4786.79698713526,1331.18335547685
1513.96759558651,5026.37994128205
-5411.11494160743,-485.019444223618
-3.77217378774071,-5074.85079457652
-2278.34031685001,-4412.50185641753
2797.87206399759,-4276.1477066345
-285.312244141066,-5051.17311339243
3597.84843404245,-4048.50618169869
-2907.99733329198,-4126.59797028032
-3519.69478786427,-3940.60632077485
3772.72070553423,-2872.9949985414
4008.47067136645,-3306.08647906515
-1454.19262551837,4755.92937392274
4960.59669722412,305.116661878058
-5338.30508866223,886.550129673893
4771.34801319037,1335.51627080175
-1384.69425260658,4835.88988321913
1450.29712663031,-4774.31599647411
-1944.19133864873,4570.93530066547
-4299.159234929,2672.17396842142
2120.39295725328,-4536.2206429419
3823.14434252087,3754.7623030413
-166.619895017997,4766.54278038555
-5121.51148588777,805.480501460835
3389.72419286131,4274.11118293348
3233.10421543337,4434.1623694022
2487.50917936967,-4414.59849249943
3759.57886275198,-3516.18428722863
-4691.86114042741,-2013.23922606061
-3033.98424049559,-4202.14620928342
-3710.48441677439,3122.13155823175
4688.77393363962,-1618.17597224614
-3719.2959188291,-3619.74994433432
-4143.62649357812,-3120.76967679929
-4927.95810879973,-19.3090493895258
4279.11394488345,3093.7140687042
-4613.20745831458,-2724.32159988559
-4766.15483601178,-2254.20758964698
4872.94450786635,-1091.25047471314
-2554.12176984864,4945.85432132998
-5396.49081337742,-9.25142846764652
-5123.07176563298,-1228.91352872661
5374.40108126315,725.279393552417
4511.61735679888,2207.86908433121
-4902.54032856949,-824.068636853349
1061.68150291395,-5094.41085691174
5214.74050188422,2289.55117892991
5295.12559013649,139.147299104921
2258.4310262227,4911.91875345779
399.160738876352,5367.31306882622
-1196.94160681804,-4995.38956171878
4988.19179764835,1206.32647504839
-4498.50661018759,2838.97590945594
-5213.75339710624,-1082.88628178517
3840.62665778904,3375.73161999026
5325.02240055049,-73.2746918944327
1146.0310040567,5196.01424370001
-1785.17665112921,5141.98472406854
154.814351466423,5150.37394224571
5077.45875227976,-2573.141341506
5369.15771035485,-558.746239637539
-4367.63664767444,-3436.33035303278
-3375.03554743202,4217.6664886898
5497.03130908671,425.289808056868
1781.45430913705,-5391.14653992694
-5251.57013419365,1635.50621455417
1423.57390546578,5407.38422193711
5262.24608662111,-1650.99294503981
-3453.50111417287,-4171.83616366966
5266.78419193171,1293.51357962345
-1817.64252141787,-5091.66239781853
-2853.8840168013,-4798.10179170421
-295.233209148972,-5231.57105187028
2994.75165997089,5003.23171085255
4363.95711872441,-3421.63425910111
3229.04890813175,-4011.77819962219
2950.07941190723,-4815.47810608336
1955.70544308383,5172.32673956438
3448.09377811409,3918.95722839213
-564.346235726796,5466.42637306292
3668.10336896477,-4143.78065673994
-1244.70960051232,5397.40648113486
-2201.61944477993,4858.2468954248
-5301.6265000057,526.947898816642
4973.52846781095,2925.75361775046
5108.51034245679,-2058.49423815306
-3149.56888219833,4618.60074185814
4566.88093578189,3408.84344980271
3670.2025446696,4305.45283994552
4830.30474985037,2869.47784484408
1475.53934441422,-5226.3749568831
-3803.28604150195,4393.28769198545
-679.334237836015,-5741.06209275775
-5297.98551006737,1914.91846828398
713.478666548866,-5788.1251461449
-1498.91452152932,-5583.07059942995
-2888.78104924864,4739.59011518718
3146.74990250763,-4626.81271541733
-4423.756827483,3915.52742685947
5282.04447987649,1960.78602925753
234.226106964223,5755.87348801429
4752.5691282698,-3046.02049263083
5793.58915733042,-1160.5819352423
5700.92872580476,-473.888454039848
-4849.23923743746,-3216.85565648855
-5617.95959142387,924.233658742609
-5636.61219990478,-1983.6135212723
-4707.77359806213,-3133.85679764136
-4853.82534165291,-2311.61593575707
-4071.82244264041,3920.72502375884
2469.0304284266,5120.04585050983
-5273.89030463713,2200.85425681651
857.473213412003,5389.74565208056
5192.48874453726,1693.61967196471
-5875.03028162586,-1072.92620577523
1255.02766829997,5719.20714579888
-2687.3525300361,-4882.21262555438
-1092.65859145516,-5283.49298577749
5614.9442734501,744.988880713074
2157.41755264268,-4924.02232769434
1020.67940853016,-5592.44833126355
4309.70581717391,4222.20648019558
2451.52817426024,-4985.94712571264
165.455487361702,-5968.18898267537
-5908.80601943219,-136.186221026397
-675.965711968809,5784.57781105109
-5419.31211883416,2815.04651481526
4427.55565006946,-4281.21242911221
-4944.28752349266,2963.87000175954
-4279.19203299159,-4111.87274859503
1832.4571073369,5571.20707261832
-4705.77166258652,-3630.64382211927
5169.9674621638,-2652.89365536315
-5261.14230616183,-2774.10054247369
5528.49573723019,-2169.88589995342
-2287.49793050597,5704.98877323106
1887.53708723179,-5256.64682529239
511.168690691163,-6132.8720536283
-2555.02459973461,5082.81588294128
-1857.81860510173,-5311.06590090149
4492.3306347402,-4246.35991336949
-5880.21536560449,933.480220272175
-807.815561555508,5544.15208075729
16.4429854074957,-5818.67599695334
5341.91643291493,2978.64032441963
2606.93712922497,5379.63478873928
-5272.77408645627,-2970.96515767322
5803.99363577486,1184.04846239174
-1249.43722175038,-5852.41799265496
-3437.02970630204,-4838.20735696534
3738.79548274023,4191.55511834123
4546.61315259616,-3356.87454485317
-5380.38841002375,-1341.269111259
-5883.91169878845,201.443658278007
996.87710101535,-5849.0143648886
-4802.29494735355,3478.84057478833
2831.08774521099,5368.86685895383
2691.02704476015,4919.28699013532
-5702.52268971556,1025.77863789384
-5374.08938086616,-2698.93586263454
1436.39149800597,5691.58423625237
4999.17713534133,3684.95516724109
5545.72897812484,2444.25440022631
-3389.81141731049,5013.58062994531
-3579.19414366269,4520.48438686091
-5912.24953102365,2043.46635781852
-1719.29457051605,-6001.97279326143
-3248.02098308543,5288.62243633024
5649.73981520911,-1504.06277307748
2892.04034920361,-5167.15436311882
5054.17844094374,-3387.36018300628
-3923.97362468221,-4570.52305480233
3563.60591748161,-5271.12763649829
273.412727289353,6430.25659914277
-5138.43308471191,3345.46984608055
3715.29653272371,5299.1222258259
6002.86177846404,-1332.01154319833
-2300.16162342017,-5683.06523778677
-760.670751494026,6465.3166037338
4074.72324263071,4558.58444099822
-5440.25517600293,-2235.72007057101
3892.89347419564,-4393.88646172542
-6301.52695001378,-540.309405258976
-6314.33220531176,-2075.15659538364
5574.7464327124,-2978.22398144973
-3089.73143935047,-5353.36168743239
6210.73125098534,-289.723836072511
-194.279764385435,-6191.76935165692
-3698.76532008456,4812.73300945257
-2967.52703617408,-5538.55976915552
-5626.96441326744,1548.55164207651
6284.92225636873,347.091054104532
-5945.86299058632,1197.2317506439
-4057.46298324512,-5017.68703647573
1712.18473151886,5623.25041843431
2067.81874728915,-5996.72949012049
4465.47143900916,-4321.37888593528
-1967.6800295535,5733.47871138261
6238.13987638953,2412.46811603307
3254.3489253264,-5716.43751641429
1840.07140278962,-5919.62819130731
-4895.99615969738,4143.4375560573
-5736.27522263199,2970.2236521087
-4426.69744571408,-3770.56725733817
6010.90062987136,-1896.45696804386
6097.0865633496,1587.50373863951
-4036.18030489724,4340.43671310037
-1898.84023167365,-6187.24572394665
5889.55441228227,-698.37318580287
-5600.45558653824,2414.64230082243
-6003.88136394556,-2043.94065464528
-2832.50871222179,5672.55304508461
4263.32264511905,-4737.17315640417
5326.97254147376,3611.1659817283
6202.74187804608,-44.1264588969427
6271.2134828148,298.007633243437
4899.49341100732,-3643.77516917866
-6815.61028340437,258.315515437735
-5268.44355735599,3729.24037635673
-6370.95354886829,-718.803623702448
-1731.00486544101,6653.13495055789
-6027.28954879656,-1324.62704767885
5874.20727056923,2472.38441139328
-2789.33148990036,5935.87786545738
-5169.74073422952,-4204.74769454391
2920.20052581044,5737.09911338285
2122.24811866287,6010.62470147205
3841.23708412939,5285.43386233119
-6119.96351355069,-1062.14126566521
638.16175234137,-6460.15565514236
5143.15979584277,3873.69986088437
5552.1891687837,3358.68341237191
-2396.63120910741,5996.62500401744
908.763015136582,6618.97464198669
3473.22601264621,-5435.87723254363
4291.55138705978,4593.98430442029
-3251.07917262975,-5773.63798995396
5180.61210817298,-3857.32017883209
-1526.59862815502,-6514.1132924568
-478.301096207337,6140.29219011712
-4668.55516959319,-4548.01861746697
5700.55639830392,-3393.1095133263
4034.87172587778,-5089.46010972616
2874.48607344217,-5945.31197365752
-5520.359425077,-3312.34707211572
6547.33380228697,-470.433364526277
-6499.06095968638,641.718375610673
1057.56639916774,6885.61928170133
6344.25391370443,-2667.21888896025
5745.82363638753,2941.91200415211
310.26055752651,6873.41082150487
-737.878653201367,-6521.44233760611
-4602.55221423446,-4986.68421787208
5445.87983914712,-3051.3664817924
-6130.34877962338,-2285.99699484033
-2035.26529445519,-6460.09907588746
1949.91207310742,6318.66814194314
-4034.2331777552,-5249.5792302388
-1074.0445856089,6510.15268341754
1718.79081466637,-6861.25485111734
-1863.7975143031,6321.35515942928
4418.33373435706,5004.01514383903
6150.25073341282,2460.71149512174
-4721.68600751183,4459.81750010437
6310.11294269921,586.942993901353
-6310.60246207647,3254.18474131814
-418.894948048886,-6551.95375433102
-5954.81120128593,-3896.36096828014
-4288.29153783483,4909.22502083057
1960.11780751972,-6506.33322170325
-6690.77252805321,1684.30525068676
-2833.56476147741,-5905.31778512688
3372.39490637046,5429.10040768978
-6225.29014084264,-1907.66478623522
6393.4418931277,-2128.55999351214
3865.57345022278,-5157.15751347411
694.418483920414,-6457.32407090834
-2022.83375377248,-6530.17723084418
-3742.14081642903,5427.99021535995
7045.19570127991,-166.266430870425
5250.62257285272,4460.93840670029
-6410.46690245563,2601.41930965607
-5447.14396147756,3723.95762275655
-413.38098631867,6737.82267639079
-6017.44619687577,3901.5667306344
-3171.91487761707,5962.50324731418
5000.4390828973,4462.91167781362
5927.71194526534,3122.543594096
6698.80411086087,-982.452158947791
-4734.21232153474,4934.91523438424
6687.10361064666,1361.91252709731
7098.70888511771,957.867972792959
6034.50440701024,-3826.97715254497
-759.396835870745,6763.54974980789
-35.4263288266227,6821.87281547611
5011.44140667018,4693.61473544262
-6687.84859167995,-214.754447870464
2476.67897912482,6419.80892454127
6318.23379041217,3158.20006106977
-7027.84948724991,71.3399093833597
-6622.2925331886,-2492.23705007644
3182.78986661899,-5906.86752969943
-1270.1122650771,-7041.94802177341
998.981288046527,-7102.09200744875
-6921.43857572497,1133.13187949977
7141.41466131408,1907.43727988688
6655.21188086275,1091.32405173702
-6888.61134231263,1255.5582686296
7175.0326577552,-1586.99931298641
-3783.41790885,6226.13466251373
3831.60845239565,-5828.41895218077
1582.20004316324,7203.75886744987
-5293.08723974262,-4285.64002600449
4088.18515304235,5752.60707465612
-1266.07387739841,-7026.87445894942
-2633.74131797066,6025.86413825644
-4012.38839246403,-5917.81415035568
4423.3385737464,5104.09182688821
-3801.95561558957,-5864.1390524852
-355.795951104284,-7062.93852144447
-6067.24871197304,-3548.36129735317
-7261.07578330108,-738.443047962778
6109.9384506067,-3612.93916552448
6467.05791336934,-2655.78757845073
-2634.4350782749,-6482.97177782528
-5507.61479789711,-4881.94886662512
2183.75533300502,-6587.84277648915
5087.7166007504,-4907.95109715048
-198.524013520038,-7005.68022842847
-2648.99101479253,6335.59389811281
-1836.86734708966,6855.38595570693
-7104.37029808834,415.920526101222
1137.84453943607,6721.25323030605
-4884.28752301911,5297.58098569398
-4851.80262117872,-4983.50163360297
-5830.3796389344,-3860.2293038339
-3053.88131677981,-6312.13183581009
-5356.16841380864,-4833.60243512649
-7556.89573950156,-150.941851128783
-5361.22882085519,4676.97457039499
-6285.64813383888,3311.89684832895
1261.32090199182,6566.2464677054
-4446.49377865921,5477.07842052926
1958.57583425284,7172.58732152246
5460.39692698211,-4291.38297613446
-6901.33896215838,2163.48063850113
-1349.43889495929,7065.16503175068
2840.58102778369,6939.97301411901
414.499996288806,-6749.09872686304
1357.74984765425,-7256.19081146481
1498.55953640018,-6876.21488934282
395.184276431883,7437.01988147381
3755.45232713341,5952.30437529143
-6758.73627523191,-1422.87775681378
3134.0466719157,6449.52696465199
2861.88040003989,-6508.27475781768
6890.92783671199,850.421809432008
-7463.18316728937,-1563.39148922033
-6227.12200751044,4142.59679666681
-6973.50848124289,1304.1327934871
-6942.95375966991,-3282.2047455076
7226.86264059843,61.1118866710669
2020.19985180644,-6948.89605055085
6176.96128705773,4434.8333403133
6276.69956332914,4395.17003792112
-6799.36586845009,2637.09347200782
-1206.18769867904,-7420.36013976547
6909.79810321751,-1792.23541716989
6228.58221744037,-4064.2072244784
6236.56106474636,-3904.11036993757
4183.9662487867,-6044.34939246673
4004.40213101689,6126.97995308743
3371.90945503647,-6591.72559037364
-2751.77612680098,-6703.50975512585
4615.88540773961,-5568.30898290022
-6285.22747120672,-3201.30529715881
2391.39290005879,6977.71394774744
5025.18091233396,5676.68633854601
6510.50130792657,2604.64408232282
-6783.77545871042,-2731.78457772166
6372.84921931917,3004.02001302039
-1799.23339844347,-7063.92496456618
6368.47207164372,3564.79412852142
7220.45024942271,-2680.91172323376
-6939.01798169628,-978.766471232817
6673.46259106138,-3434.91039481402
-4352.4761067155,6256.97743955699
7137.14252757196,2030.48190402114
-2506.20327316915,6910.7902918604
-3629.07952376936,-6623.4424887641
-554.248697687027,7143.60036728879
7052.65745906538,-1863.96530862398
-4532.5593169381,-5887.45184422992
3883.18103359984,-6319.53437314577
-6928.47313106458,1585.14974042744
-5906.04435770825,4988.47893665088
-6736.11703376337,3290.71784561054
3816.25512578311,-6652.801055052
-179.275375759247,-7551.24730243234
6317.18293251172,4001.2504552379
-24.7384922847794,21.1770245611556
272.280610837248,277.661464549785
238.034774415826,-404.907533404978
-568.544732847219,-161.177186803098
369.262364651622,340.674210828044
-510.384429798228,-453.554704876924
-414.880729827278,-175.547934008302
317.858061357009,-485.317773777187
-418.906834813545,251.997155874745
640.723807538109,153.644221838441
-27.8446710422672,473.88508381969
694.673038060041,-359.35131957962
127.601979591381,691.305675502745
-473.280882148609,323.908320552974
769.95066387244,-144.898786523016
-520.676532503094,-601.906050188673
266.511547252342,-736.490542236877
96.2996145499846,-624.485315776949
568.570437657854,429.94543052545
-727.763565527516,-32.5051175883023
-343.018111126284,-715.539375849568
-177.60507432917,620.741649371454
943.813211850956,-121.129015784436
217.845870133226,851.788728923893
-868.792938940861,-232.270158082817
-618.835538119376,549.009800411037
917.450241386133,-506.895423336474
434.892510604094,-646.555491669155
945.203657135593,63.3466574562209
851.97381404779,711.741532735088
-1003.42926796876,-266.076105569137
75.7173418831328,-821.839566253845
-889.510159560823,208.667297790815
-459.045101557224,1106.01001214404
158.540824486482,-1000.93628626811
-928.41928857223,380.887551132242
-949.738931425484,-509.599190767246
-686.427023932313,815.165140694716
376.334729207826,879.32149029996
-214.834587311583,-1141.82079646102
557.705671316676,-816.078198551
1428.35964743084,455.094548393605
733.344609095927,662.09411383123
-612.076052117208,-883.166363984819
527.82772871769,766.586666239882
1085.39777857701,-480.286631048991
-458.579901328446,839.191816636564
178.11732496044,-1177.75309095422
13.6775267099551,1166.19795019472
-1165.16649533843,30.6781356475806
1159.40005186825,-451.401513555611
-820.498923172759,886.928232217016
522.121623637507,1147.84849449014
642.158940278963,-1376.56819887214
-1052.91845720495,-738.750064543358
-1056.43449825344,211.730811485768
924.812830261217,-597.535827383429
891.13714606097,-1006.09050648319
-513.820465303733,-1231.37949241307
-1445.32724473065,-374.224309196793
1178.67962482097,144.806319478927
-558.249270708449,1218.16522735936
-125.21184562307,-1334.04418118716
-1446.05694388499,183.219070344934
-1327.34021586535,-209.802931129703
344.014649152009,1312.98819385476
1239.10904569926,649.445812360559
-925.533575217898,-1299.78984127586
1435.46072245793,-104.453269929495
1036.7804589435,529.115485867284
685.561133436603,-1251.42382563382
-1468.55470359721,-770.069152491408
933.863955308852,933.446504175177
-1413.24235210879,323.436248702426
27.0763820347661,1695.72343562797
-1149.24421142581,1211.29028778543
-470.868665441509,1309.31146858052
677.144632650523,1145.11986839521
-406.032199143446,-1500.18967952293
1059.60620897132,-1392.02886323555
-696.017240164162,-1219.08061356199
-1361.61943836936,975.876414641232
1461.82027514938,584.433114012735
386.271892544775,-1563.58030582107
-1444.43051862901,1299.8535380928
-155.538003273851,-1695.25885845177
-708.318084796552,1423.81034250007
793.823915882736,-1594.80419914791
-1116.87179909066,-1175.15364971177
-921.146624104651,-1286.86698066922
1640.93537755122,-846.548297020162
-1594.33365524091,-190.178084706893
-1476.57119633116,590.160805169042
631.100797556973,1605.44887367187
1006.49702762212,-1421.88926034631
1608.52210846998,-64.8603668341812
120.274419307993,1651.4950236232
-450.929303675576,1866.95748779709
1629.83124698033,-287.820087559374
-723.961832316042,-1714.94822355727
266.253767212321,-1766.76543400124
-1703.32153203486,717.649469101168
-1859.65718995566,-281.750155124159
1348.28835790445,1394.29587093525
1459.39996646265,-1086.68097731366
1102.93183601915,1533.92099797283
-1257.01491894845,-1370.09099022287
-1644.7967419197,-477.403122375639
1936.98188321776,382.831104343941
1512.59117077766,590.521963816639
-1167.81477053457,1010.59174035218
-27.384744857795,1864.09120144715
1782.7631549544,-87.6609832262752
-967.454343412066,-1373.04129800819
-489.979074403651,1786.69195041011
-1805.7933768673,-155.42658274506
-307.437641526709,1641.99338869483
-227.865443541432,-1603.9042276776
-1071.62275459006,1448.85579499443
167.890978136049,2071.27012283214
1591.62331854691,-500.269290481117
466.613623506256,-1873.45162716978
-1601.07770290847,-949.048113549447
1562.61798703497,-495.324683692315
1691.21311378836,864.74158662414
1249.20782618999,-1389.05728644845
699.15495251184,1466.63951611586
547.832471096941,1852.72685774522
293.181942988489,-1880.28989987432
-2106.61012722724,100.048399548453
1761.19215376234,-752.363552188408
1249.03936969438,-1503.15525228482
1126.89471181724,1607.57013744932
-210.163460611642,-1954.44809696384
-1791.98414256561,-269.6447811877
1580.67786637989,1220.93434779981
-1277.25033140143,-1475.33973662213
-2081.69075247786,-843.728546055028
-2174.77156686575,592.351765836436
1312.66435831094,1422.88251650811
2245.05750355248,358.088397539456
-829.714725462755,-1993.66534827567
-312.895312930685,2093.49200175246
-1131.28552633105,2103.30940391795
1057.20514108697,-1860.27532163272
1836.02085471852,1063.79116694497
1451.90748539581,-1184.38704444821
-1347.39445723974,1797.48043981349
-1911.75377669937,-1220.57603180752
-1910.71954208061,862.064672572278
1117.10001431265,1764.19076778589
2104.88840685108,-255.411292127729
-647.099613214817,1907.07067591585
2062.29981761164,359.241633720069
1897.55864648428,-1522.63916205436
1779.83070407279,-1455.91096820061
-1383.49476354703,1867.94634511046
780.677734433627,2028.89200925498
81.5269963307602,-2403.50151964645
-995.426076029601,-2018.77978236012
-1924.37737450939,1436.85514459732
-2034.98795073205,-487.175605454563
209.266783591895,2518.35347622436
919.478881311181,-1944.48623226845
-1618.8744615244,-1660.03103642506
-2215.75713771962,981.360852976696
-990.635129065554,2025.58496299325
-2471.15774054424,-201.746816253148
-2338.74019467997,611.084726515025
134.786806418412,-2113.04756739434
-2253.09321111689,114.847407921798
738.659002397991,-1898.87401381477
-1928.87554723873,1453.59590633331
138.692105262705,1976.65350517836
-384.760960434899,-2400.28163796853
-1663.10675210011,-1393.82474840232
2368.75007521239,-654.662700662321
884.706050473655,2397.00547601564
-2083.28005279547,-1056.54616507938
-608.445133210942,-2294.54746172864
600.665860585972,-2461.24676373525
1071.56363833351,-1841.86739074958
2616.34524918972,-329.029674710172
-1196.81313186535,-1912.22663862183
-655.578626004475,2054.27301890317
2092.81123387096,1552.93641196052
-2223.64131894746,714.726574939246
2075.94589404233,-1084.05782552608
-2098.03287671746,-744.652966503936
-1407.26020929866,-2122.90425832771
1491.62908725833,1875.08749800093
2018.51900731209,1446.29500446668
-818.507582133435,-2151.54904908859
2277.88097689264,492.049909894402
2185.95920378829,-1009.85258063883
1702.57674803133,1706.23183403732
2328.79538201642,115.436125716594
2822.79978645865,277.142444357307
-541.652924099767,2529.69229602969
1512.09760241364,-1970.64108351188
-1726.60311959315,1755.73986957041
-209.039219551472,2529.63340083143
2533.42458199223,1064.85884862014
-2420.57833262348,-82.1874359613072
-356.940815824211,-2525.22108414068
-1312.01502104701,1955.5496807182
-2483.51615416166,-76.356308057316
-380.736503935247,-2617.70685884435
2507.65190348119,-832.950961495178
-2064.34139283969,-1713.70483863425
813.781778502451,2155.98889099311
-1792.76416714759,-1642.90271478181
558.005600718898,-2339.89682566099
2367.65160512754,731.350270662254
-738.02940594958,2622.61607726978
1204.55926817281,-2427.94550044743
-2351.0313079824,1473.71387056415
2154.64298502894,-1135.80081593443
1114.33688283897,2361.7504183829
-1579.98832603998,2045.60751089081
-2565.41854391517,-651.15337148016
348.902986902409,-2653.90265203673
506.828439506961,2612.93458251859
-2493.12971956773,-1040.02406386992
712.786942609306,2671.76210125963
-2655.46398871286,-384.316961985702
-2202.17556829352,-1106.44452187659
2167.59337418942,1543.94691105412
-1201.84618903565,-2612.93651469491
-543.781364827793,2318.0751813679
1993.76589349873,1774.51421382405
-2289.69724354257,903.427225546064
1777.06727897227,-2248.23372957311
-1929.708320742,1560.53607212281
-108.722532461465,2256.82543228882
1237.97209331176,2702.45663875163
312.00928663212,2581.67250482473
2865.35266935258,300.819027339393
1442.32923523023,-2230.69222363678
-2170.76583279375,1827.86131968986
2007.95612609805,-1698.20013837151
2760.7714390555,-644.614364266799
-2577.90323726839,800.614921191934
885.324332444233,-2476.40464608435
-1348.59768576452,2716.37861150784
2450.30255284532,921.028984593495
-1457.17668617971,-2107.10402040969
2468.72651177893,1409.84720945315
-2871.68691948233,400.797381285042
2418.77050182947,-1232.50741025843
2799.17393691686,-814.280536094018
-1682.30143257974,-2221.96417492849
-2389.73561091898,-1153.09508034892
-616.553364579915,-3041.22842140216
-1065.26170914308,-2516.1147614838
1874.11129761231,2057.96327127159
-1841.22482074581,-2125.45688781615
1248.22656733349,-2542.12519878211
2819.59344552725,-111.601042278541
2585.56631591037,1023.41003489243
1212.33631138627,2236.36365251253
-1767.723027785,1961.93914603837
-1099.47848037094,-2447.83449272583
-2433.35483599106,1251.03600955554
387.184474923503,-2794.29465215994
843.309531788844,2732.83131462908
2145.8890445181,-2214.89974959399
-3082.2300351635,-531.716327544748
1820.01974356038,-2254.86595995201
-2313.99607365442,2021.5356199785
-1232.13691194483,2773.17905804189
-2407.51333721475,-1375.97068313364
2555.57533197529,-1819.19888803481
2920.27123005097,325.48806567922
1407.39637070179,-2310.94802018974
1543.1197669454,2507.39915762501
2727.70358206418,-1028.11992094297
411.905666319394,2938.93219851624
-954.149638871537,2773.29525825538
-2717.78480203671,800.835607710638
-3090.92608231671,208.944570080713
-210.875642071381,-2931.93811845789
-2467.18407379969,1626.25459568339
1144.18870079576,-2812.11796959205
-556.83131688865,-2980.7508907856
-2342.51781343978,-2194.4846409544
2621.16665638383,-1364.97011341403
706.773080021099,-3036.91536681576
-1802.72588039082,-2325.27778745113
2714.75301013588,1343.90933218249
2962.18373484045,106.747541382609
166.274822502344,3172.67219057348
-3107.68599220643,-830.518069076237
2076.28831250769,2305.29300934889
-1090.31078740863,-2918.53734382747
-2787.72751920789,-1316.89340297195
2595.89568669821,1547.10882498931
3145.25093649955,1060.53509158057
2750.40724394736,-2064.73139706881
2433.04006796892,2325.76868670359
-931.799834410256,3224.14164006784
206.359176341018,-2725.98135551021
-2924.37395636704,1102.79924780419
-2000.52373891504,2209.7443169873
815.569734440919,3205.32997786166
-3031.00360893046,-354.268730630535
599.747434995014,-2923.10003446935
-2828.82646105681,1787.6794937314
-154.350564131185,3270.64665471401
2047.03052777737,-2212.87456448113
-2420.48877873645,2171.52231595066
-2623.09770113947,-1748.14772678383
2812.0058887883,302.260401326744
3110.66329710613,319.204360036344
-3060.01847222442,745.71909563457
-491.794344346021,-3169.25010922818
-2986.10506690982,-1601.87856023849
-1935.56656267453,2422.16635738984
-3238.16017358809,196.313991996484
1553.77845366451,2865.25681819528
2966.78416927955,-1088.1895276415
-715.118587717322,3226.40917238683
-907.387317637324,-2940.22414521353
-2205.88383946463,2453.03583384665
3399.70185593625,-893.952228748042
-392.428655704327,3251.40512569517
681.535310867322,3309.99886754401
-1955.25799139754,-2306.28185934226
-1505.20126698559,2762.32377741263
-1071.33578498017,3017.05978744134
1829.29485954189,-2591.67831428639
3258.94072808703,1180.93641966403
1212.49289167812,-2953.13654809997
-2396.88708350986,-2191.36973263451
234.925287414993,-3169.24244806408
-3340.8687512862,-244.716227059414
2945.06814374806,1782.47396338547
3037.79142036132,-1384.6989960202
-1650.90243496695,-2674.19569789891
-2761.87880333695,-2077.79573367193
1461.36350835934,3006.53656390945
-3313.54325928266,-801.18965451369
2251.7718758769,2754.68013248331
-1295.42930831283,3235.09532361349
704.773126231878,3228.25234453944
497.726496332985,-3181.04388994862
2164.05825753675,-2675.3606002675
2003.0539757595,3017.27719641075
3230.94273191588,802.697679602228
3009.42882251888,2400.34033683782
2621.59470200589,-2205.83003353574
278.984529810503,3315.18524993161
2562.99881571955,2496.86568110777
3094.32215897193,-308.477201279902
-3066.54929285248,1011.05355404103
3632.96979137983,127.726352224037
-3155.94479411253,-1651.68606734793
-2917.74549149485,1996.69935076725
1220.64976764804,-3283.05497625308
-1470.81936096896,-3140.28133382133
-3514.88219779008,258.823000359058
-3517.91051071234,907.575021789953
2571.22973001842,-1871.46048854665
-2841.33961597137,-2339.34193939987
-989.256461513178,-3266.04805057596
-3586.32862317873,-861.464822525263
-2120.99387630872,2596.57179403837
3111.09270827681,1284.27654665602
-1884.26203891353,2882.34457268564
2035.95752999172,-2735.603531293
3341.61635309507,-750.977607941123
1535.05339158321,3249.70112108312
-2690.72963428826,1694.13163116778
-2019.93108114992,-2717.58950995152
3211.12424131636,1334.4087598253
2871.78885970582,-1601.44593332608
-76.3599619228819,-3490.95609256274
2287.62002187104,2728.12786051215
-1552.52107687908,-2859.37791161975
-3278.8487446511,-459.697822416753
-509.411545655315,-3793.40059912733
2588.11729011686,-2496.71240636547
3560.23008686281,-317.066974504737
901.244499025112,3252.57310598868
-1542.36202492839,3484.18340173328
-3136.18052060214,-2342.05257976569
-692.649769351413,3285.31842070748
3354.76536342397,-218.063182546351
-2669.91199314284,2441.53772174218
3656.27121215245,444.059472145625
760.468717535716,3600.19231855473
-1659.93745420996,3287.85517362157
3583.26400463962,172.269618732804
855.807287814079,-3502.69056694103
-3631.48719507919,1516.53265280698
1645.89986707632,-3088.29361777657
2120.84547653424,3498.72689453082
-2374.55134168797,2393.10836247169
-88.9752776270952,3667.05151155174
2562.53240736119,-2550.89920079014
-1707.22343522078,-3220.88935506573
-3119.644353558,2060.04849792132
-3503.55604317432,-1611.60294718113
3561.66829293026,-1090.01191587395
1391.67359832521,-3669.27567028725
1184.45233834274,-3418.09942644165
257.012451007656,-3854.82724406934
-3712.96614618699,355.928477064546
3399.31404244051,1201.39698559726
-3514.60973504642,-449.773617860921
2961.97875240301,-2342.71087972154
-3865.80113363907,668.67896973257
-371.038669006955,-3849.30663774182
-637.498842906257,3760.55310391918
-3562.39397755228,880.882026472733
-3413.49203420376,-2162.80992727233
-2676.65090811588,-2189.45069448822
3103.83916757008,1577.24310933496
-3578.77993011926,-1102.31617028017
-3795.64571390913,-693.472326515935
3254.35484542145,-2145.1850978446
3499.98902213216,-1816.6504380025
-1032.73915286614,-3337.4125342833
-510.113741766688,-3765.72388873103
1375.85905749938,3605.69777142117
2409.37540256277,-3024.16846783421
-1266.07366416102,-3620.51654110662
-2612.46661263852,-2703.50798824646
-3637.75411579741,2074.47674984
3559.26543629915,-1660.09773863198
-1303.14895211559,3852.19271219862
3552.62699434565,-401.251924479818
-2703.48190718585,-2907.28241965536
2125.8478500714,3071.57837446981
2681.25034267161,3080.85080281546
855.539572356472,-3772.55263860973
891.721151574045,3834.51160323687
593.831388148482,3939.52626528095
353.717311224019,3962.9167000627
3162.80405442676,2268.4242997399
3375.1294545066,2173.28237941267
2898.12486573363,2569.64187204843
3093.04791109513,-1815.39804570495
-1008.50932585114,3472.26011743361
-3662.49257698,1369.1525244116
-2671.58725219085,2947.95213470071
-950.126122445583,-3759.15644359501
-3557.77382057047,-1496.53719136385
-2565.42122625052,3273.35627953998
3021.03596538311,2628.16642621008
1406.58380879983,-3562.11219327167
-3881.50017178739,1439.06657794695
-86.461469487334,3887.58997630544
3779.33164864323,846.898553901065
-2093.83342364137,3493.07594746797
4147.55643168362,142.906640671644
-1516.50554505232,-3471.09216544123
4177.09915737006,-1061.4800631068
2503.12483654973,-3270.32547166453
-4256.28829726993,-1390.35491853907
-2950.95994511303,2365.27063801186
-2342.25719516564,-3189.71667366906
-4200.57959197772,-182.00523540014
-1006.13657390195,3774.13178265006
-2633.47087928561,3347.88861935456
1622.71194311474,-4156.66958766849
3760.68029177536,1658.18022252698
3052.62391176524,-2861.01808861796
-36.9086425040149,-4232.71720179264
2092.60067636049,-3567.03555774712
-3054.38529297942,2149.32552286086
672.510606135696,-3971.90025083212
-4412.68410083711,995.097942395222
-2826.22892286672,-2603.65375521881
405.718050427483,3905.85284714503
-923.293815152546,3856.26187087596
-4064.96980716312,1914.00329596071
-3994.71604605182,-917.52572516826
2110.18089271617,3308.89264918302
-2970.64934797613,-3142.94314013932
-4174.25359148436,41.9244100520294
3956.91913357278,-15.8482380403138
-3818.62366509349,-1862.38556232065
910.311125628022,-3965.95075321575
-4136.41008236341,877.636671522711
4148.75193882943,991.95068049866
-1288.152144956,3593.42208990117
2302.01429937906,3409.76350255048
-3376.55001219791,-2341.17725949382
1262.85180242609,4026.10811376292
-3834.20693202692,-2538.21127249399
-3599.43828842349,1614.99208702753
-4548.53396350556,-73.6483331189903
3219.98340942855,2694.14893258506
-3935.75666318397,-1735.50186328315
4716.46367394414,-443.225092801385
3238.09306399138,3094.68891292972
2907.28025581143,-3225.83867731181
-1994.6347797577,-3792.12467879678
198.717811861125,4337.66717866988
3750.95694318843,-2212.54951988949
-2208.38361898558,3546.28423646037
-946.496389865599,-3905.34607050739
3987.84400858463,691.651651777893
-2025.96583177717,-3871.45265060347
4404.03159753801,417.463086961283
-1505.16917083353,3991.32577101995
3900.71919196037,2274.04302809131
1621.50740456726,4348.17586007325
-243.589671760097,-4459.35683295528
-3480.69004328326,2416.69215497943
1990.39074314668,-3776.33842853399
4191.6541732009,-1178.34287451045
3865.49278776406,-1646.53742022185
-1183.90962922595,-4371.53304907264
-2393.84955522804,-3764.55751121536
-2934.39038639404,-3288.49453580493
4145.52702327748,-1559.23106713382
2675.84094166757,-3598.58963131298
496.497194095229,-4275.39293644351
-339.910284639744,-4224.10088699954
-2559.7587403337,3333.45292736701
3744.12815280115,-3038.25121885719
2800.52956097561,2858.93990957548
1219.48422857505,-4303.61211952884
790.460643888302,4260.61755150611
3702.50975398489,2286.62509774426
-4449.54914491503,-712.812346816986
-203.034120673187,4698.75710436415
1633.42120575177,-4163.91365307326
4478.29768493389,-770.428471469012
3720.87005539646,-2461.31463081045
-4017.41910928917,2127.35164307292
1899.41098519032,4337.41132771959
-1343.41856837961,4187.35826717184
2789.97656082754,3386.33963651482
3890.5025633408,2005.51353410025
-4074.27683059871,-1415.04460902977
-4055.50018514131,1830.79050990161
-4494.10895530586,-528.843119865713
-4686.33705412629,494.498276460373
-4179.69299025369,-1234.89316594803
-2816.86943991304,3740.43503072915
-4516.22330811862,1107.27212415059
2237.6589666933,-3688.74467583964
781.687157286539,4261.77877191959
2753.34146605989,3345.46606429507
4771.62358892926,1006.75512609969
110.091163347129,4717.98955416767
4581.70614697413,402.658474173107
4397.3513047997,1050.25204594833
3551.78422597124,2577.93322349353
-3937.54949947233,-2764.19820234058
-3420.51907880752,2963.71168450526
-3444.07122734304,-3018.58186203262
-2342.44516685217,3934.35369893206
-3533.25474324359,-2733.71014152895
4263.8052289715,-1089.27441786639
4044.36741349167,-1620.11605720003
3324.83249684567,-3200.21041576327
62.4826728543717,-4824.45527313722
4541.52925900193,-523.731846413055
-4415.96060960845,-1989.76805082912
439.933957001636,4701.50206534465
4484.99380100053,5.52182223948718
4153.48901349075,-2110.04573852786
905.495569672605,4262.13103209837
-2932.33458775017,3372.53438886106
-2563.52640600022,-3877.82885655262
311.253098918217,-4791.72574236087
4634.21373712939,1206.07985832771
2340.88054336876,-4148.89889259159
-1232.28692521445,4737.59723801688
-1548.89468620182,-4590.90025297254
-3652.82229556956,2240.03215284286
3822.67975535756,2459.61876237999
3829.82776732934,-2956.41644470539
1824.85655870427,4428.50902386371
1775.82104284077,-4562.5046198464
477.84503264489,-4658.90842072072
4740.93724414955,357.936808331407
-4367.30275444305,2513.15022268461
-1265.5106590594,-4460.8444002291
-2898.4686675204,-3659.76708927303
2297.37408438601,4172.76467598464
-631.826045906877,4844.19856405969
-4838.68189052214,914.556140756738
2901.87933232507,3907.28805638022
-3566.11000877507,-3306.2142303324
1381.71098740829,-4820.25979786134
-1857.85835471001,-3990.70130801671
3251.29378158018,3424.53127725185
775.573102353959,4718.3051032209
-4651.59756910467,-1019.7254755334
-4531.08504766019,1215.65126241742
4150.47803969218,-2630.99813553634
-4368.09833842349,-2087.51179127013
3214.08034022651,3531.83908393528
4234.52160580788,3076.55732312634
1568.66808758844,4361.20664656984
-4084.71904841103,-1616.09283590008
-4920.33197667432,461.895469760967
-2728.06163838664,4176.07701044779
4839.09159273872,1905.02636840151
-3496.46898754718,3117.87755510319
-777.921528636423,-4485.63411533728
-3208.27584447845,3754.80947325101
-4623.30324790169,1904.13543816894
-1554.64113308466,-4642.41855076122
2770.0286019436,-4441.04926857355
390.208607454166,4866.06312230731
-1841.23215187931,4670.77198901095
476.848214848454,-4749.48832779904
-812.472138065493,-4919.60922960722
-3616.49027896336,3595.50469590366
4766.36403650897,-1270.75808955608
-5011.83146178252,-100.773187075093
-4581.26630886466,2154.56892538634
4399.51718189036,-1966.4831467118
3682.37557008743,-3895.68074268257
-1773.17589432516,-4332.58398398421
-636.532341155703,5061.27942933589
-2760.93093303858,3758.47901940069
4954.99888862241,-694.405746666456
-4692.01597692058,1344.40683585251
1510.41552290705,5048.2464577381
-5531.47324491878,-432.583420638195
3.6578062731983,-4962.38259221653
-2233.14180762825,-4329.25038572069
2733.56930820237,-4377.73024221593
-301.236136278483,-4986.56969353917
3582.65003307153,-4015.15644243611
-2841.74560175068,-4025.87139135069
-3546.9642671727,-3984.97116347562
3807.55878837951,-2898.00138803629
3823.86527515482,-3344.043894421
-1473.12157890947,4733.0927131541
4979.15196086735,319.345064072038
-5330.3648325424,728.148294424287
4840.37973842875,1348.58740504424
-1363.73390480623,4822.16106090198
1458.04014997588,-4662.99347061083
-1879.25639069867,4560.61811656316
-4323.03505097696,2697.11062027143
2118.44892669237,-4546.91717744037
3812.73093826225,3781.21266363731
-248.164417097438,4929.89428542673
-5114.37210190056,765.72652401185
3285.39551540282,4256.00447691512
3138.42213134632,4444.65455942545
2445.64680900336,-4462.15988606818
3760.03403921781,-3579.46857643373
-4656.69489769396,-2002.36720795199
-3014.59866289641,-4173.58572364753
-3778.84179226656,3086.55871375765
4732.06704262728,-1598.40575624671
-3712.24637105704,-3382.38194909522
-4153.0170983896,-3132.26363035199
-4894.77119932142,-114.592853502573
4294.27467576936,3116.07587746539
-4636.65038244285,-2763.00048077607
-4733.78870989993,-2027.41225679862
4780.60637351607,-1084.11875242751
-2515.92252120432,4878.25540857181
-5362.21244801332,32.2643027167507
-5250.01162425886,-1333.05014043563
5386.80097783622,789.776881116458
4452.57282545545,2234.32204754218
-4828.85294037179,-877.93096520701
1052.8247044978,-5120.45143374543
5175.33128176541,2464.54014298648
5224.55100799286,337.668561780643
2427.85079311801,4928.03804509837
431.5380896207,5275.12917310261
-1221.37285203414,-4941.77139226361
4974.31125415394,1179.46034869244
-4498.54164190567,2870.74845115652
-5190.7574712596,-1017.25439758373
3784.49158442745,3482.04883571895
5365.71379708912,-103.420406810786
1135.45644832979,5268.9783920675
-1761.09395721666,5147.66626000136
177.270060251795,5166.68503329101
5120.87082206916,-2548.07026681314
5371.53632537683,-467.248115627481
-4393.46152121152,-3498.2434761679
-3330.84126188696,4211.54478993429
5537.21523977056,447.331168761975
1796.17889778904,-5446.99070247386
-5294.12921333907,1669.38486186329
1516.58954414502,5413.79743690671
5285.3834225437,-1680.52368639463
-3497.62770157026,-4090.96431256528
5187.53334317733,1413.03817145428
-1964.00621801947,-5075.74282065178
-2849.68767812246,-4717.84976889098
-286.279800010153,-5261.3597897447
3041.34310208083,5038.31421047073
4413.03649465473,-3535.8663864735
3245.73174983798,-4006.16347976509
2948.71778318939,-4826.81139994029
1905.61525592981,5199.2182301646
3492.92670900286,3850.40101513421
-624.414726800822,5433.41555400133
3663.53171069269,-4223.11371268126
-1252.93718196842,5402.04692029309
-2323.7127284034,4883.22134477111
-5317.75073503756,529.862388401343
4963.23384787102,2941.45058341372
5243.32151516409,-1898.94881904869
-3193.16826688283,4512.0162745191
4625.30241081175,3397.12145370233
3750.0669288949,4463.14557875823
4745.3375533625,2875.76700061374
1586.71976622247,-5229.06903191137
-3854.85315551853,4383.08271239691
-746.979269435119,-5785.73905392602
-5530.59797811506,1849.71944833086
738.232376997125,-5749.93496062788
-1351.80142239976,-5836.32218774429
-3031.90574105627,4594.63902705733
3151.7173172473,-4581.10171821261
-4435.88113380634,3928.74258160829
5384.52021412824,2078.9448787501
154.892042157693,5914.51428109873
4658.43524443193,-2974.0253559225
5808.75696413752,-1271.97494829095
5884.64021001607,-438.92116637051
-4913.35146077749,-3203.82741241078
-5581.59254217867,1105.83069157497
-5654.90508177097,-1964.36128839846
-4717.73961363181,-3137.68652273331
-4916.77065157091,-2415.71277117517
-4011.76090109513,3935.74580570782
2375.60008091666,5397.1345120031
-5313.53659908843,2028.59418522309
884.656402315871,5309.17503755418
5091.33728979139,1671.93440956481
-5944.13133710318,-1066.37590043355
1230.9831424849,5781.3134392795
-2675.80014340611,-4890.34818697197
-1107.02639989447,-5190.31786158938
5579.56737412284,693.353495888208
2197.72501134951,-4708.05290614298
957.654740599005,-5471.8524896881
4295.93834543923,4199.71674254299
2463.90778976758,-5203.11896700706
251.039261061284,-5960.51224233524
-5923.69239357256,-119.955021814854
-668.542647900526,5882.34792791989
-5429.08856001185,2650.52613027022
4640.75301910339,-4369.88464466318
-4922.2446027807,3068.83085238209
-4338.80932735505,-4041.18930470658
1808.7125302715,5516.01024188048
-4737.45496643732,-3512.0225037617
5147.26629209068,-2583.76307799989
-5268.20121692637,-2729.15390731462
5508.03629155618,-2142.51321039198
-2257.48943626075,5767.79949739693
2062.16693090091,-5260.05493847419
457.215844118692,-6144.22067762681
-2405.06526201584,5158.41592380833
-1907.40001600586,-5359.39076365548
4471.66564847283,-4383.84227452592
-5836.32710626294,830.012420121272
-763.850578281851,5554.57609780778
193.447615112597,-5743.5978209624
5333.95031375919,2983.37446571198
2703.61349524916,5450.85810204299
-5161.69824554098,-3023.31369502254
5810.64648396113,1238.92037460583
-1297.40997848376,-5770.51493199549
-3434.67394258542,-4784.90747661838
3856.41862900925,4172.1291114923
4526.35888784754,-3339.54359226574
-5477.22897421214,-1130.15440688083
-5794.12460162581,123.476428239149
991.620937985357,-5838.58376683171
-4766.85961717948,3467.99462743156
2790.77098164578,5423.77279676223
2697.49766959222,4889.53611736688
-5695.18157526669,1015.31137470581
-5387.26408471933,-2698.75866507713
1402.46490099776,5684.89167284597
4934.17625911297,3692.98979283551
5525.64404280839,2581.61898939609
-3272.62491257741,5118.93267009033
-3627.49926250126,4549.53213628385
-5922.8632170918,2055.0520785891
-1725.88802664904,-6039.98944010539
-3199.17748721911,5379.42134880605
5645.59360575983,-1529.86281280737
2960.41065897377,-5101.087372701
4961.07483701356,-3464.68924758957
-3975.43603962804,-4540.23508314611
3444.40923703364,-5231.2812531652
193.789529203063,6425.38683524222
-5069.66495561615,3308.30291202969
3652.86429474212,5304.22534636045
5963.39855705207,-1200.14283905677
-2409.49343952881,-5735.94533098687
-678.562744983668,6370.04576078725
4104.73902153876,4413.4948652792
-5472.60878372416,-2244.60649650794
3950.9320607961,-4264.29753590194
-6103.07831691089,-694.426768680216
-6336.17594281501,-2143.96373412745
5583.32332419646,-2795.68593888386
-3075.70020021263,-5354.67264432358
6245.14461674278,-254.245738439207
-210.043790083626,-6039.90312748123
-3640.51228873027,4689.53090907971
-3016.83035869571,-5677.18053114042
-5552.60499612529,1603.98353983058
6369.08820894773,429.058856083982
-5830.72531069626,1222.63611446583
-4030.90542216542,-5119.4544264983
1799.11236966682,5590.13450032272
2236.23808282291,-6109.47806694014
4444.83025939506,-4276.19309997594
-2120.48484642107,5667.99807717886
6247.04461306534,2404.22061376971
3329.16891720331,-5721.34210669182
1751.38735536551,-5915.76941921167
-4926.93984308072,4130.61459399846
-5668.83905004005,3083.39820533268
-4515.29212303198,-3839.69076297157
6069.96772065499,-1967.8319540051
6000.38020407386,1667.19743478505
-4068.52056199514,4401.97744437768
-1987.29515820087,-6049.48566414784
5817.85688935589,-817.061468957303
-5570.97007160443,2392.28567325555
-5933.79113898384,-2146.52004717217
-2673.22793941447,5681.28616195343
4297.4822989673,-4752.82811260501
5310.71182283193,3460.03302614805
6233.7999773633,8.6484357195332
6315.03566682619,263.654709486348
4861.4490491322,-3741.30631258429
-6835.85593642188,347.031049777528
-5219.20325845873,3766.93629511298
-6535.53438373868,-555.080460827557
-1807.19602563462,6625.2420295343
-5982.73260495835,-1328.50911342352
5830.11201040966,2426.96327743251
-2773.04066509994,5926.90141006154
-5172.9627551915,-4213.62885560399
2929.74778829998,5736.69621332676
2259.95398584543,6012.92482409736
3808.29718116112,5294.95013964541
-6067.52321555284,-969.780268207955
637.526523010776,-6422.52169965527
5058.37224701694,4038.82543801042
5584.17540213869,3387.1704827716
-2445.18512781426,5934.77923909431
1077.10819931375,6539.64801941938
3445.86786880808,-5421.3463078318
4248.34476608397,4644.12166350382
-3288.79964112852,-5771.16742251826
5196.77394938348,-3774.70764652609
-1433.99519963905,-6418.22671863191
-513.092162170419,6144.08290661379
-4656.78647023851,-4437.85372568562
5643.28582670758,-3403.05589819707
4133.11974942408,-5130.48608198174
2672.6769837109,-5885.92332110259
-5535.26044372867,-3302.28450409895
6558.13974125367,-468.257303022267
-6390.35916567005,664.74040393544
1095.54779792014,7000.40637767897
6350.37920662502,-2862.73292357554
5707.16820114796,2908.26564008264
276.189527391714,6788.15758740153
-716.248507389249,-6455.63513707171
-4510.02308140111,-5139.21615331771
5529.22400477183,-2900.9658306929
-6062.94354860364,-2265.63143164482
-2133.98225167303,-6457.68720020738
1982.46886646545,6314.11042724897
-4050.94906030078,-5183.82562402179
-1080.30463504089,6574.11304881574
1769.62255051988,-6841.55025981233
-1916.2726530405,6273.91880489592
4379.69517464793,5084.23050810753
6243.49097629097,2493.56924615214
-4792.72806096781,4445.06158503481
6350.648197376,591.906770437963
-6263.71653577972,3111.78985516046
-590.500278869514,-6631.899857966
-6020.45861297302,-3815.48803427431
-4323.73386518692,4948.58609446708
1951.76036094018,-6377.51528788581
-6707.41965610392,1636.74091105447
-2849.73242217962,-5778.66436290644
3374.74665187589,5442.21740042595
-6338.72230798187,-1840.2930351528
6388.76203342698,-2142.58150647517
3892.40815481794,-5112.01427014792
674.414163012101,-6435.62619805124
-2030.29206786903,-6566.33154644625
-3740.71168849876,5496.13038132162
7035.12130143583,-152.096393958544
5305.42300471755,4470.27696088252
-6486.94903625271,2857.67457883523
-5426.02226383965,3678.73316828593
-388.580135751303,6776.13354025758
-6121.2687602871,3940.89518440044
-3172.46481141015,5972.0675192574
4931.01414701752,4470.37696349264
5942.95530742021,3118.54130708452
6746.7409388356,-1047.38399908315
-4763.12450901352,4961.79447869215
6732.97834800912,1374.05021107269
7028.18359392631,952.623940895423
6071.98219399293,-3906.57039800248
-737.416194505755,6797.89960799557
-72.2346653620302,6806.11637334139
4978.75671346192,4507.24372974892
-6548.55437660773,-249.732923808315
2476.45794190175,6462.77420169404
6296.68998280233,3239.40713832352
-7026.11346309198,47.0730875836713
-6586.50851780929,-2487.57827245024
3180.99034683594,-5896.38203766571
-1175.71472774121,-7105.20878905331
887.859118892843,-7146.59718623428
-6996.77929092146,1241.90079624086
7168.30966389431,1909.11904358754
6671.75897793467,1133.87310600027
-6905.36076076608,1217.38107438111
7173.17903562071,-1598.77677004347
-3711.43742423232,6192.08470988628
3970.03800519344,-5779.85134211336
1387.85791521547,7105.88262364764
-5340.80863224598,-4319.54969559342
4149.00203351871,5846.39331557149
-1224.71136845291,-7046.44975758714
-2584.23381317768,6119.50862343291
-4042.9344554682,-5960.95663027494
4431.55046524562,5035.21211716961
-3875.69638546274,-5892.88956488252
-293.482376014897,-7099.10140781655
-6061.0876495805,-3579.19710134401
-7271.75429399655,-736.262237455933
6149.42554906688,-3565.1600471112
6521.75806809619,-2611.02368231793
-2722.88139582179,-6442.2037099391
-5513.6402082278,-4890.83704794896
2293.00993583843,-6728.7207544543
4966.50932683585,-5120.51090399132
-239.508685274515,-6902.55091755673
-2608.11475204558,6284.02763108385
-1832.36607836114,6825.09322490379
-7101.96371528912,461.487438343982
1127.65102402614,6722.50010416641
-4924.65934844085,5289.03243563735
-4804.06909631513,-4932.90651212137
-5841.77841008014,-3906.3182206901
-3028.69472814467,-6362.46117001948
-5364.22453872698,-4743.92538792687
-7493.20788320665,-161.333375211029
-5292.74532896428,4703.08632134859
-6249.80565620695,3278.05733279467
1241.56443361374,6619.6059195184
-4393.53298100277,5648.76681763748
1919.4797116905,7140.53968193493
5551.50967605108,-4254.61316391025
-7004.84979895947,2145.79388685344
-1291.77934962093,7048.54570972996
2714.06112482476,6736.36220773775
422.113170732522,-6518.9731774135
1322.05596563218,-7404.44828971757
1482.22515136383,-6864.09628857216
375.923969982004,7440.06399261543
3745.24975366853,5842.83228101627
-6760.04407104139,-1330.07944310323
3172.3795239621,6410.16980503364
2848.6651364591,-6525.46010236576
6837.24657635206,808.807643363953
-7411.47613927007,-1412.22085510907
-6240.26516795819,4149.42298732786
-6875.73347321418,1170.41371704455
-6995.30353090771,-3248.64428393173
7215.40893219773,29.6925171985828
1973.36552341216,-7098.05566097998
6291.46123332565,4412.36790403994
6249.19929773652,4561.48271833108
-6782.9440793788,2576.94846231685
-1196.74801463973,-7266.16741861398
6845.69575059533,-1827.47129505944
6212.41052559452,-4047.15118752148
6206.88887971018,-3935.25522983498
4252.90745987987,-5987.87668477254
4039.6237729618,6063.82311517913
3370.40490218735,-6608.91126895868
-2551.95120326613,-6720.46351257559
4641.24899350268,-5578.21975573106
-6351.79080831534,-3357.25680257851
2320.24410646974,6974.62081635561
5056.43058885385,5899.93909097992
6503.92066438828,2616.22612883231
-6872.54314345361,-2757.69324440792
6235.94508711588,3003.90314507946
-1891.02604952442,-7133.54497791175
6324.71497542705,3521.72728750167
7226.05762510825,-2556.76766547423
-6858.18266559924,-808.373761339381
6788.58210876358,-3484.81609825135
-4264.30312676921,6285.71357382736
7087.82183901358,2059.07918937032
-2425.14655158387,6908.45663011917
-3660.60876581613,-6685.40195956527
-558.629695554268,7180.68042873853
7049.49026689754,-1728.33493221855
-4478.91672794106,-5848.53945431347
3850.60898567371,-6268.25212280433
-6934.36799309479,1669.48921451218
-5985.21646857607,4919.5530828618
-6756.66706699796,3299.42338534075
3764.8963400674,-6540.79232498975
-271.237036842589,-7628.32393838484
6294.3033143219,3997.80087517516
